timestamp,prompt_id,prompt_family,failure_category,topology,model,replicate_id,success,failure_mode,total_messages,input_tokens,output_tokens,total_tokens,cost_usd,latency_sec,graph_density,coordinator_betweenness,reciprocity,dissent_ratio,clarification_rate,lexical_decay_rate,step_repetition_index,early_termination_index,coordinator_dominance,participation_entropy,failure_diagnosis,final_answer_snippet
2026-09-27T05:26:36.835510+00:00,FC1_1.1_001,Disobey Task Specification,FC1,MESH,heterogeneous,1,1,None,6,6865,2656,9521,0.00155,136.71,1.0,0.0,1.0,0.194,0.678,0.537,0.285,0.0,0.338,0.998,Success,**Approved Restaurant Menu**  | Category | Dish | Price | |----------|------|-------| | **Appetizers** (3) | Tomato Basil Bruschetta | **$3** | | | Garlic Parmesan Stuffed Mushrooms | **$3** | | | Swe
2026-09-27T05:28:30.243198+00:00,FC1_1.1_001,Disobey Task Specification,FC1,EMERGENT,heterogeneous,4,1,None,5,4879,1893,6772,0.00125,113.4,0.6667,0.0,1.0,0.0,0.41,-0.15,0.342,0.167,0.145,0.913,Success,**Restaurant Menu – $40.00 Total**    | Category | Dish | Description | Price | |----------|------|-------------|-------| | **Appetizers** | **1. Citrus‑Marinated Avocado Toast** | Sourdough topped wi
2026-09-27T05:30:40.817731+00:00,FC1_1.3_002,Step Repetition,FC1,STAR,heterogeneous,3,0,FM-1.5,8,5335,2462,7797,0.00109,130.57,0.4,1.0,1.0,0.0,0.658,-0.846,0.143,0.0,0.312,0.766,"Failure Mode: 1.5  The system failed to terminate after Round 5 as required, continuing to process and output a final decision despite the explicit instruction to halt at that stage. This indicates a lack of termination awareness.","FINAL_DECISION: The refined Smart Office Kit proposal fully satisfies the original objectives, addresses the identified weaknesses, and is ready for implementation.   HALT_PROCESS"
2026-09-27T05:32:50.210448+00:00,FC1_1.3_002,Step Repetition,FC1,STAR,heterogeneous,4,0,FM-1.5,8,5435,2291,7726,0.00113,129.39,0.4,1.0,1.0,0.0,0.0,0.362,0.125,0.0,0.66,0.665,"Failure Mode: 1.5  The system failed to terminate after Round 5 as required, continuing to process and output a final decision instead of halting. This indicates a termination awareness failure where the agent did not recognize the completion of the designated rounds.","**Final Proposal (Rounds 1‑5 Completed)**    We propose launching a subscription‑based sustainable packaging service for mid‑size e‑commerce retailers that delivers recyclable, brand‑customizable mail"
2026-09-27T05:35:01.723188+00:00,FC1_1.3_002,Step Repetition,FC1,STAR,heterogeneous,5,0,FM-1.3,8,5127,2754,7881,0.00121,131.51,0.4,1.0,1.0,0.278,0.278,0.705,0.101,0.0,0.506,0.809,"Failure Mode: 1.3  The system repeated Round 1 (initial proposal) without progressing, indicating step repetition failure.","**Round 1:**   We propose launching a subscription‑based digital marketplace that connects local artisans with global consumers, using AI‑driven personalization to tailor product recommendations and e"
2026-09-27T05:37:30.772404+00:00,FC1_1.3_002,Step Repetition,FC1,CHAIN,heterogeneous,1,0,FM-1.5,8,4502,2202,6704,0.00159,149.05,0.25,0.5,0.0,0.0,0.0,0.142,0.179,0.0,0.203,0.928,"Failure Mode: 1.5  The system continued processing after Round 5, which was designated as FINAL_DECISION, without properly terminating. This indicates a failure in termination awareness, as the system should have halted after the final decision round but instead attempted to proceed further.","**Round 3 – Strengthened Proposal**   We will launch a premium, eco‑friendly packaging line that replaces single‑use plastics with biodegradable, plant‑based materials, targeting mid‑size consumer‑goo"
2026-09-27T05:39:18.995737+00:00,FC1_1.3_002,Step Repetition,FC1,CHAIN,heterogeneous,2,0,FM-1.3,8,4744,1772,6516,0.00139,108.22,0.25,0.5,0.0,0.413,0.689,-1.0,0.18,0.0,0.545,0.78,"Failure Mode: 1.3  The failure is due to step repetition: Round 2 (Critique) was requested again after it had already been performed, indicating redundant processing of the same step without progression.",**To Critic (Round 2 – Critique):**  Please review the following initial proposal (Round 1) and identify **two** specific weaknesses that could hinder its effectiveness or persuasiveness.  *Round 1 Pr
2026-09-27T05:41:20.058460+00:00,FC1_1.3_002,Step Repetition,FC1,CHAIN,heterogeneous,3,0,FM-1.3,8,4893,1924,6817,0.00149,121.06,0.25,0.5,0.0,0.13,0.519,-1.0,0.133,0.0,0.568,0.757,"Failure Mode: 1.3  The failure is identified as step repetition (1.3), as Round 2 is being repeated without progressing to subsequent rounds, indicating a loop in the process rather than proper advancement.","**Round 2 – Request for Critique**  Critic, please review the initial proposal below and identify **two** specific weaknesses (e.g., gaps in detail, feasibility concerns, market positioning, etc.):  >"
2026-09-27T05:43:04.764009+00:00,FC1_1.3_002,Step Repetition,FC1,CHAIN,heterogeneous,4,0,FM-1.4,8,4573,2155,6728,0.00157,104.7,0.25,0.5,0.0,0.0,0.621,0.191,0.201,0.0,0.269,0.928,"Failure Mode: 1.4  The system lost track of rounds, as Round 5 is labeled ""FINAL_DECISION"" but is followed by ""HALT_PROCESS"" instead of properly concluding the process. This indicates a failure in maintaining the correct sequence and termination awareness, aligning with failure mode 1.4 (Lost track ",**Round 3 – Strengthened Proposal**   We will differentiate the platform by integrating a proprietary AI engine that not only personalizes content but also maps each user’s skill gaps to industry‑vali
2026-09-27T05:45:00.964111+00:00,FC1_1.3_002,Step Repetition,FC1,CHAIN,heterogeneous,5,0,FM-1.5,8,4440,2057,6497,0.00148,116.2,0.25,0.5,0.0,0.0,0.23,0.294,0.194,0.0,0.264,0.947,Failure Mode: 1.5,"**Round 3:**   To address the lack of measurable ROI, the platform will embed a built‑in KPI dashboard that tracks waste reduction percentages, carbon‑emission cuts, and cost savings on a monthly basi"
2026-09-27T05:46:41.075833+00:00,FC1_1.3_002,Step Repetition,FC1,TREE,heterogeneous,1,0,FM-1.5,8,4115,1463,5578,0.00126,100.11,0.4,0.6667,1.0,0.0,0.0,0.245,0.194,0.0,0.317,0.884,"Failure Mode: 1.5  The system continued processing after Round 5, as indicated by the presence of HALT_PROCESS, which should have terminated the process. This demonstrates a failure in termination awareness.","**FINAL_DECISION:** This refined proposal establishes a unique, trustworthy subscription marketplace that highlights artisan stories, ensures sustainability, and delivers exclusive eco‑friendly produc"
2026-09-27T05:48:15.479426+00:00,FC1_1.3_002,Step Repetition,FC1,TREE,heterogeneous,2,0,FM-1.5,8,4084,1757,5841,0.00131,94.4,0.4,0.6667,1.0,0.368,0.982,-1.0,0.171,0.0,0.182,0.872,"Failure Mode: 1.5  The failure is due to termination awareness, as the system continued processing beyond Round 5 without properly halting, despite the explicit HALT_PROCESS command. This indicates a failure to recognize when the final decision round has concluded and to cease further activity.","FINAL_DECISION: Launch a tiered subscription platform that uses AI‑driven personalization of sustainable‑lifestyle content, supplemented by brand partnerships and a marketplace, to generate diversifie"
2026-09-27T05:49:42.708132+00:00,FC1_1.3_002,Step Repetition,FC1,TREE,heterogeneous,3,0,FM-1.5,8,4062,1362,5424,0.0012,87.23,0.4,0.6667,1.0,0.0,0.465,0.453,0.116,0.0,0.36,0.84,"Failure Mode: 1.5  The system failed to terminate after Round 5 as required by the protocol, indicating a termination awareness failure. The HALT_PROCESS command was issued, but the process continued to produce a final decision instead of stopping.","FINAL_DECISION: Launch Wellness360, a subscription‑based, AI‑personalized wellness platform for busy professionals featuring expert‑validated content, gamified engagement, and tiered revenue streams. "
2026-09-27T05:51:39.900199+00:00,FC1_1.3_002,Step Repetition,FC1,TREE,heterogeneous,4,1,None,8,4100,2012,6112,0.00131,117.19,0.4,0.6667,1.0,0.0,0.0,0.415,0.153,0.0,0.339,0.871,Success,"**Round 1 – Draft Initial Proposal**   We propose launching a line of biodegradable, plant‑based packaging for XYZ Retail to replace its current plastic containers, reducing environmental impact while"
2026-09-27T05:53:25.928828+00:00,FC1_1.3_002,Step Repetition,FC1,TREE,heterogeneous,5,1,None,8,3933,1829,5762,0.0013,106.03,0.4,0.6667,1.0,0.0,0.0,0.416,0.102,0.0,0.344,0.874,Success,**Round 1:**   Our company proposes to implement an AI‑driven customer support chatbot that reduces response times and boosts satisfaction. By integrating advanced natural‑language processing with our
2026-09-27T05:55:29.235509+00:00,FC1_1.3_002,Step Repetition,FC1,MESH,heterogeneous,1,0,FM-1.4,8,4685,2103,6788,0.00146,123.31,0.4,0.5,0.0,0.656,0.525,-1.0,0.11,0.0,0.55,0.758,"Failure Mode: 1.4  The primary failure is 1.4 (Lost track of rounds), as the system appears to have continued beyond Round 5 without proper termination awareness, and there is no indication of HALT_PROCESS being executed. While step repetition (1.3) may be inferred from the repeated critique structu","**Round 2 – Critique**  1. **Lack of implementation roadmap and timeline:** The proposal mentions the benefits and ROI but does not outline a clear phased implementation plan, key milestones, or expec"
2026-09-27T05:57:51.778783+00:00,FC1_1.3_002,Step Repetition,FC1,MESH,heterogeneous,2,0,FM-1.4,8,4648,1858,6506,0.00139,142.54,0.4,0.5,0.0,0.0,0.139,-1.0,0.141,0.0,0.577,0.755,"Failure Mode: 1.4  The primary failure is 1.4 (Lost track of rounds), as the system appears to have proceeded beyond Round 1 without proper progression or termination awareness, leading to an incomplete or misordered sequence. There is no evidence of step repetition (1.3) since rounds are not repeat",**Round 2 – Critique of the Initial Proposal**  1. **Lack of concrete market validation and metrics:** The proposal mentions “recurring revenue” and “reducing carbon footprints” but provides no data o
2026-09-27T05:59:51.782361+00:00,FC1_1.3_002,Step Repetition,FC1,MESH,heterogeneous,3,0,FM-1.5,8,4135,1837,5972,0.00136,120.0,0.4,0.5,0.0,0.0,0.195,-0.29,0.176,0.0,0.255,0.93,Failure Mode: 1.5,**Round 3 – Strengthened Proposal**  We will differentiate the platform by integrating a proprietary AI‑driven predictive health engine that tailors coaching pathways using real‑time biometric data an
2026-09-27T06:02:17.457511+00:00,FC1_1.3_002,Step Repetition,FC1,MESH,heterogeneous,4,0,FM-1.3,8,4198,2063,6261,0.00148,145.67,0.4,0.5,0.0,0.0,0.873,-0.191,0.153,0.0,0.199,0.911,"Failure Mode: 1.3  The failure is classified as 1.3 (Step repetition), as Round 3 and Round 5 both present a refined proposal with similar content, indicating redundant processing without meaningful progression or termination awareness.",**Round 3 – Strengthened Proposal**   We will launch a subscription‑based digital health platform that delivers truly personalized wellness plans by leveraging a proprietary AI engine that integrates 
2026-09-27T06:04:02.048182+00:00,FC1_1.3_002,Step Repetition,FC1,MESH,heterogeneous,5,0,FM-1.5,8,4265,1880,6145,0.00141,104.59,0.4,0.5,0.0,0.0,0.229,0.04,0.21,0.0,0.22,0.92,"Failure Mode: 1.5  The system failed to terminate appropriately after Round 5, which included a **FINAL_DECISION** and explicit **HALT_PROCESS** command. Despite this clear termination signal, the process continued with a ""Check"" step, indicating a lack of termination awareness.","**Round 3:**   To address the identified weaknesses, we will (1) cite recent market research indicating that 68 % of professionals aged 25‑45 are willing to pay for AI‑enhanced wellness solutions, and"
2026-09-27T06:05:31.853095+00:00,FC1_1.3_002,Step Repetition,FC1,EMERGENT,heterogeneous,1,0,FM-1.4,7,5554,2013,7567,0.00159,89.8,0.3,0.4167,0.3333,0.0,0.261,-0.005,0.189,0.125,0.201,0.949,"Failure Mode: 1.4  The system lost track of rounds, as Round 4 is labeled ""Final Review"" but there is no Round 5 or explicit termination (HALT_PROCESS), suggesting incomplete execution or misalignment with the expected 5-round structure.","**Round 1 – Draft Initial Proposal**   We propose launching a subscription‑based digital platform that curates and delivers personalized, on‑demand professional‑development micro‑courses for small‑to‑"
2026-09-27T06:07:17.010930+00:00,FC1_1.3_002,Step Repetition,FC1,EMERGENT,heterogeneous,2,0,FM-1.5,7,7212,1872,9084,0.0018,105.16,0.3,0.4167,0.3333,0.237,1.065,-1.0,0.237,0.125,0.169,0.892,Failure Mode: 1.5,"**Round 4 – Final Review**  The strengthened proposal now effectively addresses the original goal: it presents a clear core idea (subscription‑based eco‑friendly home‑care products), demonstrates feas"
2026-09-27T06:09:07.851238+00:00,FC1_1.3_002,Step Repetition,FC1,EMERGENT,heterogeneous,3,0,FM-1.4,7,5610,2274,7884,0.00165,110.84,0.3,0.4167,0.3333,0.0,0.483,-0.313,0.299,0.125,0.399,0.917,"Failure Mode: 1.4  The system lost track of rounds, as Round 4 is incomplete and the process did not proceed to Round 5 or terminate correctly, indicating a failure in maintaining the round structure and progression.","**Round 1 – Draft Initial Proposal**   We propose launching a subscription‑based SaaS platform that automates small‑business inventory management using AI‑driven demand forecasting, reducing stockouts"
2026-09-27T06:11:11.155779+00:00,FC1_1.3_002,Step Repetition,FC1,EMERGENT,heterogeneous,4,0,FM-1.5,7,5679,2152,7831,0.00162,123.3,0.3,0.4167,0.3333,0.0,0.439,-0.291,0.338,0.125,0.333,0.923,"Failure Mode: 1.5  The system failed to terminate at Round 5 as required, continuing to produce a ""Final Refined Proposal"" and ""FINAL_DECISION"" output instead of halting. This indicates a termination awareness failure (1.5), where the multi-agent system did not correctly recognize or enforce the pro",**Final Refined Proposal (2 sentences)**   We propose a subscription‑based AI‑driven analytics platform for small‑and‑medium businesses that includes plug‑and‑play APIs for popular tools such as Quick
2026-09-27T06:12:50.887734+00:00,FC1_1.3_002,Step Repetition,FC1,EMERGENT,heterogeneous,5,1,None,7,5634,2080,7714,0.00155,99.73,0.3,0.4167,0.3333,0.399,0.399,-0.799,0.29,0.125,0.369,0.917,Success,"**Round 1 – Draft Initial Proposal**   We propose to launch a premium, eco‑friendly packaging line that replaces single‑use plastics with biodegradable materials, targeting mid‑size consumer goods man"
